ID,Drug,SNP,Biomarker,Chr,Pos,Ref,Alt,African(AF),African American(AF),European(AF),Latin American(AF),Other(AF),South Asian(AF),Total(AF),Therapeutic Area,Drug Efficacy Databases,dbSNP Link
1,Fluvoxamine,rs35742686,CYP2D6,NC_000022.11,42128241,CT,C,0.00739645,0.00755287,0.009099852,0,0.008253692,0,0.00877036,Psychiatry,DrugBank,https://www.ncbi.nlm.nih.gov/snp/rs35742686
2,Fluvoxamine,rs5030655,CYP2D6,NC_000022.11,42129083,CA,C,0.013353116,0.013636364,0.011928185,0,0.009565217,0,0.011459266,Psychiatry,"DrugBank,PharmGKB",https://www.ncbi.nlm.nih.gov/snp/rs5030655
3,Fluvoxamine,rs1135824,CYP2D6,NC_000022.11,42129042,T,C,0,0,0.00016518,0,0.001319261,0,0.000445633,Psychiatry,DrugBank,https://www.ncbi.nlm.nih.gov/snp/rs1135824
4,Fluvoxamine,rs28371733,CYP2D6,NC_000022.11,42126914,C,T,0.00591716,0.006042296,0,0,0,0,0.00035807,Psychiatry,DrugBank,https://www.ncbi.nlm.nih.gov/snp/rs28371733
5,Phenytoin,rs1057910,CYP2C9,NC_000010.11,94981296,A,C,0.01850362,0.018832781,0.069137873,0.040979631,0.067318374,0.116067741,0.068065493,Neurology,"DrugBank,PharmGKB",https://www.ncbi.nlm.nih.gov/snp/rs1057910
6,Venlafaxine,rs5030655,CYP2D6,NC_000022.11,42129083,CA,C,0.013353116,0.013636364,0.011928185,0,0.009565217,0,0.011459266,Psychiatry,"DrugBank,PharmGKB",https://www.ncbi.nlm.nih.gov/snp/rs5030655
7,Atomoxetine,rs35742686,CYP2D6,NC_000022.11,42128241,CT,C,0.00739645,0.00755287,0.009099852,0,0.008253692,0,0.00877036,Psychiatry,DrugBank,https://www.ncbi.nlm.nih.gov/snp/rs35742686
8,Atomoxetine,rs5030655,CYP2D6,NC_000022.11,42129083,CA,C,0.013353116,0.013636364,0.011928185,0,0.009565217,0,0.011459266,Psychiatry,"DrugBank,PharmGKB",https://www.ncbi.nlm.nih.gov/snp/rs5030655
9,Atomoxetine,rs1135824,CYP2D6,NC_000022.11,42129042,T,C,0,0,0.00016518,0,0.001319261,0,0.000445633,Psychiatry,DrugBank,https://www.ncbi.nlm.nih.gov/snp/rs1135824
10,Atomoxetine,rs28371733,CYP2D6,NC_000022.11,42126914,C,T,0.00591716,0.006042296,0,0,0,0,0.00035807,Psychiatry,DrugBank,https://www.ncbi.nlm.nih.gov/snp/rs28371733
11,Codeine,rs5030655,CYP2D6,NC_000022.11,42129083,CA,C,0.013353116,0.013636364,0.011928185,0,0.009565217,0,0.011459266,Anesthesiology,"DrugBank,PharmGKB",https://www.ncbi.nlm.nih.gov/snp/rs5030655
12,Codeine,rs35742686,CYP2D6,NC_000022.11,42128241,CT,C,0.00739645,0.00755287,0.009099852,0,0.008253692,0,0.00877036,Anesthesiology,DrugBank,https://www.ncbi.nlm.nih.gov/snp/rs35742686
13,Codeine,rs1135824,CYP2D6,NC_000022.11,42129042,T,C,0,0,0.00016518,0,0.001319261,0,0.000445633,Anesthesiology,DrugBank,https://www.ncbi.nlm.nih.gov/snp/rs1135824
14,Codeine,rs28371733,CYP2D6,NC_000022.11,42126914,C,T,0.00591716,0.006042296,0,0,0,0,0.00035807,Anesthesiology,DrugBank,https://www.ncbi.nlm.nih.gov/snp/rs28371733
15,Amitriptyline,rs35742686,CYP2D6,NC_000022.11,42128241,CT,C,0.00739645,0.00755287,0.009099852,0,0.008253692,0,0.00877036,Psychiatry,DrugBank,https://www.ncbi.nlm.nih.gov/snp/rs35742686
16,Amitriptyline,rs5030655,CYP2D6,NC_000022.11,42129083,CA,C,0.013353116,0.013636364,0.011928185,0,0.009565217,0,0.011459266,Psychiatry,"DrugBank,PharmGKB",https://www.ncbi.nlm.nih.gov/snp/rs5030655
17,Amitriptyline,rs4986893,CYP2C19,NC_000010.11,94780653,G,A,0.000263435,0.00027248,0.01257703,0,0.009932459,0.002653061,0.011793385,Psychiatry,"DrugBank,PharmGKB",https://www.ncbi.nlm.nih.gov/snp/rs4986893
18,Amitriptyline,rs1135824,CYP2D6,NC_000022.11,42129042,T,C,0,0,0.00016518,0,0.001319261,0,0.000445633,Psychiatry,DrugBank,https://www.ncbi.nlm.nih.gov/snp/rs1135824
19,Amitriptyline,rs28371733,CYP2D6,NC_000022.11,42126914,C,T,0.00591716,0.006042296,0,0,0,0,0.00035807,Psychiatry,DrugBank,https://www.ncbi.nlm.nih.gov/snp/rs28371733
20,Omeprazole,rs4986893,CYP2C19,NC_000010.11,94780653,G,A,0.000263435,0.00027248,0.01257703,0,0.009932459,0.002653061,0.011793385,Gastroenterology,"DrugBank,PharmGKB",https://www.ncbi.nlm.nih.gov/snp/rs4986893
21,Lansoprazole,rs4986893,CYP2C19,NC_000010.11,94780653,G,A,0.000263435,0.00027248,0.01257703,0,0.009932459,0.002653061,0.011793385,Gastroenterology,"DrugBank,PharmGKB",https://www.ncbi.nlm.nih.gov/snp/rs4986893
22,Imipramine,rs35742686,CYP2D6,NC_000022.11,42128241,CT,C,0.00739645,0.00755287,0.009099852,0,0.008253692,0,0.00877036,Psychiatry,DrugBank,https://www.ncbi.nlm.nih.gov/snp/rs35742686
23,Imipramine,rs5030655,CYP2D6,NC_000022.11,42129083,CA,C,0.013353116,0.013636364,0.011928185,0,0.009565217,0,0.011459266,Psychiatry,"DrugBank,PharmGKB",https://www.ncbi.nlm.nih.gov/snp/rs5030655
24,Imipramine,rs4986893,CYP2C19,NC_000010.11,94780653,G,A,0.000263435,0.00027248,0.01257703,0,0.009932459,0.002653061,0.011793385,Psychiatry,"DrugBank,PharmGKB",https://www.ncbi.nlm.nih.gov/snp/rs4986893
25,Imipramine,rs1135824,CYP2D6,NC_000022.11,42129042,T,C,0,0,0.00016518,0,0.001319261,0,0.000445633,Psychiatry,DrugBank,https://www.ncbi.nlm.nih.gov/snp/rs1135824
26,Imipramine,rs28371733,CYP2D6,NC_000022.11,42126914,C,T,0.00591716,0.006042296,0,0,0,0,0.00035807,Psychiatry,DrugBank,https://www.ncbi.nlm.nih.gov/snp/rs28371733
27,Celecoxib,rs1057910,CYP2C9,NC_000010.11,94981296,A,C,0.01850362,0.018832781,0.069137873,0.040979631,0.067318374,0.116067741,0.068065493,Rheumatology,"DrugBank,PharmGKB",https://www.ncbi.nlm.nih.gov/snp/rs1057910
28,Nortriptyline,rs35742686,CYP2D6,NC_000022.11,42128241,CT,C,0.00739645,0.00755287,0.009099852,0,0.008253692,0,0.00877036,Psychiatry,DrugBank,https://www.ncbi.nlm.nih.gov/snp/rs35742686
29,Nortriptyline,rs5030655,CYP2D6,NC_000022.11,42129083,CA,C,0.013353116,0.013636364,0.011928185,0,0.009565217,0,0.011459266,Psychiatry,"DrugBank,PharmGKB",https://www.ncbi.nlm.nih.gov/snp/rs5030655
30,Nortriptyline,rs1135824,CYP2D6,NC_000022.11,42129042,T,C,0,0,0.00016518,0,0.001319261,0,0.000445633,Psychiatry,DrugBank,https://www.ncbi.nlm.nih.gov/snp/rs1135824
31,Nortriptyline,rs28371733,CYP2D6,NC_000022.11,42126914,C,T,0.00591716,0.006042296,0,0,0,0,0.00035807,Psychiatry,DrugBank,https://www.ncbi.nlm.nih.gov/snp/rs28371733
32,Voriconazole,rs4986893,CYP2C19,NC_000010.11,94780653,G,A,0.000263435,0.00027248,0.01257703,0,0.009932459,0.002653061,0.011793385,Infectious Diseases,"DrugBank,PharmGKB",https://www.ncbi.nlm.nih.gov/snp/rs4986893
33,Efavirenz,rs3745274,CYP2B6,NC_000019.10,41006936,G,T,0.352800383,0.352535697,0.241717441,0.299707602,0.271785029,0.387595258,0.259504426,Infectious Diseases,"DrugBank,PharmGKB",https://www.ncbi.nlm.nih.gov/snp/rs3745274
34,Warfarin,rs1799853,CYP2C9,NC_000010.11,94942290,C,T,0.069548872,0.070745698,0.119149422,0.029411765,0.112244898,0.046699875,0.112795079,Hematology,"DrugBank,PharmGKB",https://www.ncbi.nlm.nih.gov/snp/rs1799853
35,Warfarin,rs1057910,CYP2C9,NC_000010.11,94981296,A,C,0.01850362,0.018832781,0.069137873,0.040979631,0.067318374,0.116067741,0.068065493,Hematology,"DrugBank,PharmGKB",https://www.ncbi.nlm.nih.gov/snp/rs1057910
36,Paroxetine,rs35742686,CYP2D6,NC_000022.11,42128241,CT,C,0.00739645,0.00755287,0.009099852,0,0.008253692,0,0.00877036,Psychiatry,DrugBank,https://www.ncbi.nlm.nih.gov/snp/rs35742686
37,Paroxetine,rs5030655,CYP2D6,NC_000022.11,42129083,CA,C,0.013353116,0.013636364,0.011928185,0,0.009565217,0,0.011459266,Psychiatry,"DrugBank,PharmGKB",https://www.ncbi.nlm.nih.gov/snp/rs5030655
38,Paroxetine,rs1135824,CYP2D6,NC_000022.11,42129042,T,C,0,0,0.00016518,0,0.001319261,0,0.000445633,Psychiatry,DrugBank,https://www.ncbi.nlm.nih.gov/snp/rs1135824
39,Paroxetine,rs28371733,CYP2D6,NC_000022.11,42126914,C,T,0.00591716,0.006042296,0,0,0,0,0.00035807,Psychiatry,DrugBank,https://www.ncbi.nlm.nih.gov/snp/rs28371733
40,Trimipramine,rs35742686,CYP2D6,NC_000022.11,42128241,CT,C,0.00739645,0.00755287,0.009099852,0,0.008253692,0,0.00877036,Psychiatry,DrugBank,https://www.ncbi.nlm.nih.gov/snp/rs35742686
41,Trimipramine,rs5030655,CYP2D6,NC_000022.11,42129083,CA,C,0.013353116,0.013636364,0.011928185,0,0.009565217,0,0.011459266,Psychiatry,"DrugBank,PharmGKB",https://www.ncbi.nlm.nih.gov/snp/rs5030655
42,Trimipramine,rs4986893,CYP2C19,NC_000010.11,94780653,G,A,0.000263435,0.00027248,0.01257703,0,0.009932459,0.002653061,0.011793385,Psychiatry,"DrugBank,PharmGKB",https://www.ncbi.nlm.nih.gov/snp/rs4986893
43,Trimipramine,rs1135824,CYP2D6,NC_000022.11,42129042,T,C,0,0,0.00016518,0,0.001319261,0,0.000445633,Psychiatry,DrugBank,https://www.ncbi.nlm.nih.gov/snp/rs1135824
44,Trimipramine,rs28371733,CYP2D6,NC_000022.11,42126914,C,T,0.00591716,0.006042296,0,0,0,0,0.00035807,Psychiatry,DrugBank,https://www.ncbi.nlm.nih.gov/snp/rs28371733
45,Esomeprazole,rs4986893,CYP2C19,NC_000010.11,94780653,G,A,0.000263435,0.00027248,0.01257703,0,0.009932459,0.002653061,0.011793385,Gastroenterology,DrugBank,https://www.ncbi.nlm.nih.gov/snp/rs4986893
46,Clopidogrel,rs1057910,CYP2C9,NC_000010.11,94981296,A,C,0.01850362,0.018832781,0.069137873,0.040979631,0.067318374,0.116067741,0.068065493,Cardiology,"DrugBank,PharmGKB",https://www.ncbi.nlm.nih.gov/snp/rs1057910
47,Clopidogrel,rs4986893,CYP2C19,NC_000010.11,94780653,G,A,0.000263435,0.00027248,0.01257703,0,0.009932459,0.002653061,0.011793385,Cardiology,"DrugBank,PharmGKB",https://www.ncbi.nlm.nih.gov/snp/rs4986893
48,Glipizide,rs1057910,CYP2C9,NC_000010.11,94981296,A,C,0.01850362,0.018832781,0.069137873,0.040979631,0.067318374,0.116067741,0.068065493,Endocrinology,"DrugBank,PharmGKB",https://www.ncbi.nlm.nih.gov/snp/rs1057910
49,Tolbutamide,rs1057910,CYP2C9,NC_000010.11,94981296,A,C,0.01850362,0.018832781,0.069137873,0.040979631,0.067318374,0.116067741,0.068065493,Endocrinology,"DrugBank,PharmGKB",https://www.ncbi.nlm.nih.gov/snp/rs1057910
50,Doxepin,rs35742686,CYP2D6,NC_000022.11,42128241,CT,C,0.00739645,0.00755287,0.009099852,0,0.008253692,0,0.00877036,Psychiatry,DrugBank,https://www.ncbi.nlm.nih.gov/snp/rs35742686
51,Doxepin,rs5030655,CYP2D6,NC_000022.11,42129083,CA,C,0.013353116,0.013636364,0.011928185,0,0.009565217,0,0.011459266,Psychiatry,"DrugBank,PharmGKB",https://www.ncbi.nlm.nih.gov/snp/rs5030655
52,Doxepin,rs4986893,CYP2C19,NC_000010.11,94780653,G,A,0.000263435,0.00027248,0.01257703,0,0.009932459,0.002653061,0.011793385,Psychiatry,"DrugBank,PharmGKB",https://www.ncbi.nlm.nih.gov/snp/rs4986893
53,Doxepin,rs1135824,CYP2D6,NC_000022.11,42129042,T,C,0,0,0.00016518,0,0.001319261,0,0.000445633,Psychiatry,DrugBank,https://www.ncbi.nlm.nih.gov/snp/rs1135824
54,Doxepin,rs28371733,CYP2D6,NC_000022.11,42126914,C,T,0.00591716,0.006042296,0,0,0,0,0.00035807,Psychiatry,DrugBank,https://www.ncbi.nlm.nih.gov/snp/rs28371733
55,Desipramine,rs35742686,CYP2D6,NC_000022.11,42128241,CT,C,0.00739645,0.00755287,0.009099852,0,0.008253692,0,0.00877036,Psychiatry,DrugBank,https://www.ncbi.nlm.nih.gov/snp/rs35742686
56,Desipramine,rs5030655,CYP2D6,NC_000022.11,42129083,CA,C,0.013353116,0.013636364,0.011928185,0,0.009565217,0,0.011459266,Psychiatry,"DrugBank,PharmGKB",https://www.ncbi.nlm.nih.gov/snp/rs5030655
57,Desipramine,rs1135824,CYP2D6,NC_000022.11,42129042,T,C,0,0,0.00016518,0,0.001319261,0,0.000445633,Psychiatry,DrugBank,https://www.ncbi.nlm.nih.gov/snp/rs1135824
58,Desipramine,rs28371733,CYP2D6,NC_000022.11,42126914,C,T,0.00591716,0.006042296,0,0,0,0,0.00035807,Psychiatry,DrugBank,https://www.ncbi.nlm.nih.gov/snp/rs28371733
59,Escitalopram,rs4986893,CYP2C19,NC_000010.11,94780653,G,A,0.000263435,0.00027248,0.01257703,0,0.009932459,0.002653061,0.011793385,Psychiatry,"DrugBank,PharmGKB",https://www.ncbi.nlm.nih.gov/snp/rs4986893
60,Clomipramine,rs35742686,CYP2D6,NC_000022.11,42128241,CT,C,0.00739645,0.00755287,0.009099852,0,0.008253692,0,0.00877036,Psychiatry,DrugBank,https://www.ncbi.nlm.nih.gov/snp/rs35742686
61,Clomipramine,rs5030655,CYP2D6,NC_000022.11,42129083,CA,C,0.013353116,0.013636364,0.011928185,0,0.009565217,0,0.011459266,Psychiatry,"DrugBank,PharmGKB",https://www.ncbi.nlm.nih.gov/snp/rs5030655
62,Clomipramine,rs4986893,CYP2C19,NC_000010.11,94780653,G,A,0.000263435,0.00027248,0.01257703,0,0.009932459,0.002653061,0.011793385,Psychiatry,"DrugBank,PharmGKB",https://www.ncbi.nlm.nih.gov/snp/rs4986893
63,Clomipramine,rs1135824,CYP2D6,NC_000022.11,42129042,T,C,0,0,0.00016518,0,0.001319261,0,0.000445633,Psychiatry,DrugBank,https://www.ncbi.nlm.nih.gov/snp/rs1135824
64,Clomipramine,rs28371733,CYP2D6,NC_000022.11,42126914,C,T,0.00591716,0.006042296,0,0,0,0,0.00035807,Psychiatry,DrugBank,https://www.ncbi.nlm.nih.gov/snp/rs28371733
65,Ivacaftor,rs75527207,CFTR,NC_000007.14,117587806,G,A,0,0,0.000533013,0,0.000353857,0,0.000511185,Pulmonary,"DrugBank,PharmGKB",https://www.ncbi.nlm.nih.gov/snp/rs75527207
66,Dolutegravir,rs4148323,UGT1A1,NC_000002.12,233760498,G,A,0.001786512,0.001843318,0.001391656,0.021587999,0.007876257,0.01647011,0.003386337,Infectious Diseases,"DrugBank,PharmGKB",https://www.ncbi.nlm.nih.gov/snp/rs4148323
67,Warfarin,rs104894539,VKORC1,NC_000016.10,31094645,C,A,0,0,0,0,0,0,0,Hematology,PharmGKB,https://www.ncbi.nlm.nih.gov/snp/rs104894539
68,Glimepiride,rs1057910,CYP2C9,NC_000010.11,94981296,A,C,0.01850362,0.018832781,0.069137873,0.040979631,0.067318374,0.116067741,0.068065493,Endocrinology,PharmGKB,https://www.ncbi.nlm.nih.gov/snp/rs1057910
69,Valproic acid,rs1057910,CYP2C9,NC_000010.11,94981296,A,C,0.01850362,0.018832781,0.069137873,0.040979631,0.067318374,0.116067741,0.068065493,Neurology,PharmGKB,https://www.ncbi.nlm.nih.gov/snp/rs1057910
70,Piroxicam,rs1057910,CYP2C9,NC_000010.11,94981296,A,C,0.01850362,0.018832781,0.069137873,0.040979631,0.067318374,0.116067741,0.068065493,Rheumatology,PharmGKB,https://www.ncbi.nlm.nih.gov/snp/rs1057910
71,Carbamazepine,rs1065852,CYP2D6,NC_000022.11,42130692,G,A,0.183501684,0.186006826,0.215336134,0,0.202482877,0,0.21231843,Neurology,PharmGKB,https://www.ncbi.nlm.nih.gov/snp/rs1065852
72,Phenytoin,rs1065852,CYP2D6,NC_000022.11,42130692,G,A,0.183501684,0.186006826,0.215336134,0,0.202482877,0,0.21231843,Neurology,PharmGKB,https://www.ncbi.nlm.nih.gov/snp/rs1065852
73,Valproic acid,rs1065852,CYP2D6,NC_000022.11,42130692,G,A,0.183501684,0.186006826,0.215336134,0,0.202482877,0,0.21231843,Neurology,PharmGKB,https://www.ncbi.nlm.nih.gov/snp/rs1065852
74,Metoprolol,rs1065852,CYP2D6,NC_000022.11,42130692,G,A,0.183501684,0.186006826,0.215336134,0,0.202482877,0,0.21231843,Cardiology,PharmGKB,https://www.ncbi.nlm.nih.gov/snp/rs1065852
75,Warfarin,rs11150606,VKORC1,NC_000016.10,31087690,T,C,0.013866667,0.014364641,0.017621892,0.251942286,0.065736246,0.102941176,0.031574412,Hematology,PharmGKB,https://www.ncbi.nlm.nih.gov/snp/rs11150606
76,Clozapine,rs1135840,CYP2D6,NC_000022.11,42126611,C,G,0.64983165,0.648464164,0.586662265,0,0.583919156,0,0.590605521,Psychiatry,PharmGKB,https://www.ncbi.nlm.nih.gov/snp/rs1135840
77,Azathioprine,rs1142345,TPMT,NC_000006.12,18130687,T,C,0.056672761,0.056291391,0.040386688,0.051175318,0.037457709,0.064516129,0.040828266,Rheumatology,PharmGKB,https://www.ncbi.nlm.nih.gov/snp/rs1142345
78,Azathioprine,rs116855232,NUDT15,NC_000013.11,48045719,C,T,0.001184834,0.001207729,0.002958282,0,0.007179995,0,0.003477397,Rheumatology,PharmGKB,https://www.ncbi.nlm.nih.gov/snp/rs116855232
79,Ivacaftor,rs121908755,CFTR,NC_000007.14,117587800,G,A,0,0,0,0,0,0,0,Pulmonary,PharmGKB,https://www.ncbi.nlm.nih.gov/snp/rs121908755
80,Ivacaftor,rs121908757,CFTR,NC_000007.14,117587799,A,C,0,0,0,0,0,0,0,Pulmonary,PharmGKB,https://www.ncbi.nlm.nih.gov/snp/rs121908757
81,Ivacaftor,rs121909005,CFTR,NC_000007.14,117587801,T,G,0,0,0,0,0,0,0,Pulmonary,PharmGKB,https://www.ncbi.nlm.nih.gov/snp/rs121909005
82,Ivacaftor,rs121909011,CFTR,NC_000007.14,117540230,C,T,0,0,0.0000634,0,0,0,0.0000568,Pulmonary,PharmGKB,https://www.ncbi.nlm.nih.gov/snp/rs121909011
83,Metoprolol,rs16947,CYP2D6,NC_000022.11,42127941,G,A,0.46884273,0.463636364,0.356720827,0,0.377497828,0.25,0.366535292,Cardiology,PharmGKB,https://www.ncbi.nlm.nih.gov/snp/rs16947
84,Phenytoin,rs1799853,CYP2C9,NC_000010.11,94942290,C,T,0.069548872,0.070745698,0.119149422,0.029411765,0.112244898,0.046699875,0.112795079,Neurology,"DrugBank,PharmGKB",https://www.ncbi.nlm.nih.gov/snp/rs1799853
85,Celecoxib,rs1799853,CYP2C9,NC_000010.11,94942290,C,T,0.069548872,0.070745698,0.119149422,0.029411765,0.112244898,0.046699875,0.112795079,Rheumatology,"DrugBank,PharmGKB",https://www.ncbi.nlm.nih.gov/snp/rs1799853
86,Clopidogrel,rs1799853,CYP2C9,NC_000010.11,94942290,C,T,0.069548872,0.070745698,0.119149422,0.029411765,0.112244898,0.046699875,0.112795079,Cardiology,"DrugBank,PharmGKB",https://www.ncbi.nlm.nih.gov/snp/rs1799853
87,Piroxicam,rs1799853,CYP2C9,NC_000010.11,94942290,C,T,0.069548872,0.070745698,0.119149422,0.029411765,0.112244898,0.046699875,0.112795079,Rheumatology,PharmGKB,https://www.ncbi.nlm.nih.gov/snp/rs1799853
88,Donepezil,rs1803274,BCHE,NC_000003.12,165773492,C,T,0.186426819,0.187658495,0.201042824,0.1875,0.197233484,0.199412259,0.200226584,Neurology,PharmGKB,https://www.ncbi.nlm.nih.gov/snp/rs1803274
89,Ivacaftor,rs193922525,CFTR,NC_000007.14,117664770,G,A,0,0,0,0,0,0,0,Pulmonary,PharmGKB,https://www.ncbi.nlm.nih.gov/snp/rs193922525
90,Warfarin,rs202201137,CYP2C9,NC_000010.11,94988925,A,G,0,0,0.000245881,0,0,0,0.000178955,Hematology,PharmGKB,https://www.ncbi.nlm.nih.gov/snp/rs202201137
91,Efavirenz,rs2279343,CYP2B6,NC_000019.10,41009358,A,G,0.228956229,0.230375427,0.224678324,0,0.235500879,0,0.228526925,Infectious Diseases,PharmGKB,https://www.ncbi.nlm.nih.gov/snp/rs2279343
92,Mycophenolic acid,rs2306283,SLCO1B1,NC_000012.12,21176804,A,G,0.749924127,0.747097584,0.405694307,0.441503147,0.47006079,0.448870637,0.42836107,Transplantation,PharmGKB,https://www.ncbi.nlm.nih.gov/snp/rs2306283
93,Azathioprine,rs2306283,SLCO1B1,NC_000012.12,21176804,A,G,0.749924127,0.747097584,0.405694307,0.441503147,0.47006079,0.448870637,0.42836107,Rheumatology,PharmGKB,https://www.ncbi.nlm.nih.gov/snp/rs2306283
94,Rosuvastatin,rs2306283,SLCO1B1,NC_000012.12,21176804,A,G,0.749924127,0.747097584,0.405694307,0.441503147,0.47006079,0.448870637,0.42836107,Endocrinology,PharmGKB,https://www.ncbi.nlm.nih.gov/snp/rs2306283
95,Ivacaftor,rs267606723,CFTR,NC_000007.14,117642451,G,A,0,0,0,0,0,0,0,Pulmonary,PharmGKB,https://www.ncbi.nlm.nih.gov/snp/rs267606723
96,Warfarin,rs28371685,CYP2C9,NC_000010.11,94981224,C,T,0.017962309,0.018259282,0.002213855,0,0.002437835,0.0026574,0.002687946,Hematology,PharmGKB,https://www.ncbi.nlm.nih.gov/snp/rs28371685
97,Phenytoin,rs28371685,CYP2C9,NC_000010.11,94981224,C,T,0.017962309,0.018259282,0.002213855,0,0.002437835,0.0026574,0.002687946,Neurology,PharmGKB,https://www.ncbi.nlm.nih.gov/snp/rs28371685
98,Warfarin,rs28371686,CYP2C9,NC_000010.11,94981301,C,G,0.00591716,0.006042296,0,0,0,0,0.00035791,Hematology,PharmGKB,https://www.ncbi.nlm.nih.gov/snp/rs28371686
99,Phenytoin,rs28371686,CYP2C9,NC_000010.11,94981301,C,G,0.00591716,0.006042296,0,0,0,0,0.00035791,Neurology,PharmGKB,https://www.ncbi.nlm.nih.gov/snp/rs28371686
100,Efavirenz,rs28399499,CYP2B6,NC_000019.10,41012316,T,C,0.067010309,0.066472003,0.000298837,0.023809524,0.002699055,0,0.003857755,Infectious Diseases,PharmGKB,https://www.ncbi.nlm.nih.gov/snp/rs28399499
101,Clopidogrel,rs28399504,CYP2C19,NC_000010.11,94762706,A,G,0.001360915,0.001409245,0.003005499,0.001515152,0.005430242,0.000408998,0.002918573,Cardiology,PharmGKB,https://www.ncbi.nlm.nih.gov/snp/rs28399504
102,Migalastat,rs28935490,GLA,NC_000023.11,101398432,C,A,0.005235602,0.005347594,0.005544355,0,0.004426129,0,0.005453152,Inborn Errors of Metabolism,PharmGKB,https://www.ncbi.nlm.nih.gov/snp/rs28935490
103,Efavirenz,rs3211371,CYP2B6,NC_000019.10,41016810,C,T,0.071005917,0.072507553,0.113966068,0,0.102085143,0,0.108357194,Infectious Diseases,PharmGKB,https://www.ncbi.nlm.nih.gov/snp/rs3211371
104,Efavirenz,rs34097093,CYP2B6,NC_000019.10,41012465,C,T,0,0,0.0000136,0,0,0,0.0000126,Infectious Diseases,PharmGKB,https://www.ncbi.nlm.nih.gov/snp/rs34097093
105,Rosuvastatin,rs34671512,SLCO1B1,NC_000012.12,21239042,A,C,0.066202091,0.06660693,0.054097954,0.058823529,0.056324351,0,0.05463129,Endocrinology,PharmGKB,https://www.ncbi.nlm.nih.gov/snp/rs34671512
106,Efavirenz,rs35303484,CYP2B6,NC_000019.10,40991441,A,G,0.001351351,0.001381215,0.003033088,0,0.003146853,0,0.00299912,Infectious Diseases,PharmGKB,https://www.ncbi.nlm.nih.gov/snp/rs35303484
107,Migalastat,rs372966991,GLA,NC_000023.11,101403845,C,T,0,0,0,0,0,0,0,Inborn Errors of Metabolism,PharmGKB,https://www.ncbi.nlm.nih.gov/snp/rs372966991
108,Ivacaftor,rs397508442,CFTR,NC_000007.14,117603708,C,T,0,0,0,0,0,0,0,Pulmonary,PharmGKB,https://www.ncbi.nlm.nih.gov/snp/rs397508442
109,Ivacaftor,rs397508602,CFTR,NC_000007.14,117642465,G,A,0,0,0,0,0,0,0,Pulmonary,PharmGKB,https://www.ncbi.nlm.nih.gov/snp/rs397508602
110,Migalastat,rs397515870,GLA,NC_000023.11,101400692,G,C,0,0,0,0,0,0,0,Inborn Errors of Metabolism,PharmGKB,https://www.ncbi.nlm.nih.gov/snp/rs397515870
111,Aripiprazole,rs41303343,CYP3A5,NC_000007.14,99652770,T,TA,0.044378698,0.042296073,0.000350385,0,0.002351097,0,0.002334586,Psychiatry,PharmGKB,https://www.ncbi.nlm.nih.gov/snp/rs41303343
112,Donepezil,rs41303343,CYP3A5,NC_000007.14,99652770,T,TA,0.044378698,0.042296073,0.000350385,0,0.002351097,0,0.002334586,Neurology,PharmGKB,https://www.ncbi.nlm.nih.gov/snp/rs41303343
113,Efavirenz,rs41303343,CYP3A5,NC_000007.14,99652770,T,TA,0.044378698,0.042296073,0.000350385,0,0.002351097,0,0.002334586,Infectious Diseases,PharmGKB,https://www.ncbi.nlm.nih.gov/snp/rs41303343
114,Warfarin,rs4148323,UGT1A1,NC_000002.12,233760498,G,A,0.001786512,0.001843318,0.001391656,0.021587999,0.007876257,0.01647011,0.003386337,Hematology,"DrugBank,PharmGKB",https://www.ncbi.nlm.nih.gov/snp/rs4148323
115,Carvedilol,rs4148323,UGT1A1,NC_000002.12,233760498,G,A,0.001786512,0.001843318,0.001391656,0.021587999,0.007876257,0.01647011,0.003386337,Cardiology,"DrugBank,PharmGKB",https://www.ncbi.nlm.nih.gov/snp/rs4148323
116,Rosuvastatin,rs4149056,SLCO1B1,NC_000012.12,21178615,T,C,0.04018102,0.041336353,0.157199772,0.12572636,0.144044063,0.047657841,0.147431205,Endocrinology,"DrugBank,PharmGKB",https://www.ncbi.nlm.nih.gov/snp/rs4149056
117,Ticagrelor,rs4149056,SLCO1B1,NC_000012.12,21178615,T,C,0.04018102,0.041336353,0.157199772,0.12572636,0.144044063,0.047657841,0.147431205,Cardiology,PharmGKB,https://www.ncbi.nlm.nih.gov/snp/rs4149056
118,Efavirenz,rs4149056,SLCO1B1,NC_000012.12,21178615,T,C,0.04018102,0.041336353,0.157199772,0.12572636,0.144044063,0.047657841,0.147431205,Infectious Diseases,"DrugBank,PharmGKB",https://www.ncbi.nlm.nih.gov/snp/rs4149056
119,Mycophenolic acid,rs4149056,SLCO1B1,NC_000012.12,21178615,T,C,0.04018102,0.041336353,0.157199772,0.12572636,0.144044063,0.047657841,0.147431205,Transplantation,PharmGKB,https://www.ncbi.nlm.nih.gov/snp/rs4149056
120,Warfarin,rs4986893,CYP2C19,NC_000010.11,94780653,G,A,0.000263435,0.00027248,0.01257703,0,0.009932459,0.002653061,0.011793385,Hematology,"DrugBank,PharmGKB",https://www.ncbi.nlm.nih.gov/snp/rs4986893
121,Metoprolol,rs5030655,CYP2D6,NC_000022.11,42129083,CA,C,0.013353116,0.013636364,0.011928185,0,0.009565217,0,0.011459266,Cardiology,"DrugBank,PharmGKB",https://www.ncbi.nlm.nih.gov/snp/rs5030655
122,Warfarin,rs56165452,CYP2C9,NC_000010.11,94981297,T,C,0,0,0,0,0,0,0,Hematology,PharmGKB,https://www.ncbi.nlm.nih.gov/snp/rs56165452
123,Warfarin,rs5896,F2,NC_000011.10,46723453,C,T,0.03525819,0.036368843,0.126359391,0.382932692,0.134508142,0.210784314,0.135014186,Hematology,PharmGKB,https://www.ncbi.nlm.nih.gov/snp/rs5896
124,Warfarin,rs61742245,VKORC1,NC_000016.10,31094624,C,A,0.014619883,0.014925373,0.010596833,0,0.011450382,0,0.010919338,Hematology,PharmGKB,https://www.ncbi.nlm.nih.gov/snp/rs61742245
125,Warfarin,rs7200749,VKORC1,NC_000016.10,31091268,G,A,0.171765296,0.169417225,0.003975112,0.006944444,0.014464168,0,0.032521641,Hematology,PharmGKB,https://www.ncbi.nlm.nih.gov/snp/rs7200749
126,Clozapine,rs72547516,CYP1A2,NC_000015.10,74752237,A,"G,T",0,0,0,0,0,0,0,Psychiatry,PharmGKB,https://www.ncbi.nlm.nih.gov/snp/rs72547516
127,Clozapine,rs72547517,CYP1A2,NC_000015.10,74754904,G,A,0,0,0,0,0,0,0,Psychiatry,PharmGKB,https://www.ncbi.nlm.nih.gov/snp/rs72547517
128,Warfarin,rs72547529,VKORC1,NC_000016.10,31093399,C,T,0,0,0,0,0.00016518,0,0.0000116,Hematology,PharmGKB,https://www.ncbi.nlm.nih.gov/snp/rs72547529
129,Warfarin,rs72558187,CYP2C9,NC_000010.11,94941958,T,C,0,0,0,0,0.000424088,0,0.000088,Hematology,PharmGKB,https://www.ncbi.nlm.nih.gov/snp/rs72558187
130,Warfarin,rs72558189,CYP2C9,NC_000010.11,94942234,G,"A,T",0,0,0,0,0,0,0,Hematology,PharmGKB,https://www.ncbi.nlm.nih.gov/snp/rs72558189
131,Ivacaftor,rs74503330,CFTR,NC_000007.14,117642472,G,A,0,0,0,0,0,0,0,Pulmonary,PharmGKB,https://www.ncbi.nlm.nih.gov/snp/rs74503330
132,Ivacaftor,rs74551128,CFTR,NC_000007.14,117548795,C,A,0,0,0.000245881,0,0,0,0.000178955,Pulmonary,PharmGKB,https://www.ncbi.nlm.nih.gov/snp/rs74551128
133,Warfarin,rs749671,VKORC1,NC_000016.10,31077026,G,A,0.1304,0.13348791,0.390369574,0.453811491,0.415326633,0.293103448,0.382368528,Hematology,PharmGKB,https://www.ncbi.nlm.nih.gov/snp/rs749671
134,Tolbutamide,rs761895497,CYP2C9,NC_000010.11,94949256,T,C,0,0,0,0,0,0,0,Endocrinology,PharmGKB,https://www.ncbi.nlm.nih.gov/snp/rs761895497
135,Tolbutamide,rs762081829,CYP2C9,NC_000010.11,94941907,C,T,0,0,0,0,0,0,0,Endocrinology,PharmGKB,https://www.ncbi.nlm.nih.gov/snp/rs762081829
136,Ivacaftor,rs77010898,CFTR,NC_000007.14,117642566,G,"A,C",0,0,0,0,0,0,0,Pulmonary,PharmGKB,https://www.ncbi.nlm.nih.gov/snp/rs77010898
137,Tolbutamide,rs771237265,CYP2C9,NC_000010.11,94942203,A,C,0,0,0.000245881,0,0,0,0.000178955,Endocrinology,PharmGKB,https://www.ncbi.nlm.nih.gov/snp/rs771237265
138,Succinylcholine,rs772583466,BCHE,NC_000003.12,165829635,C,T,0,0,0,0,0,0,0,Anesthesiology,PharmGKB,https://www.ncbi.nlm.nih.gov/snp/rs772583466
139,Ivacaftor,rs77932196,CFTR,NC_000007.14,117540270,G,"A,C",0,0,0,0,0,0,0,Pulmonary,PharmGKB,https://www.ncbi.nlm.nih.gov/snp/rs77932196
140,Ivacaftor,rs78655421,CFTR,NC_000007.14,117530975,G,"A,T",0,0,0,0,0,0,0,Pulmonary,PharmGKB,https://www.ncbi.nlm.nih.gov/snp/rs78655421
141,Warfarin,rs7900194,CYP2C9,NC_000010.11,94942309,G,"A,T",0,0,0,0,0,0,0,Hematology,PharmGKB,https://www.ncbi.nlm.nih.gov/snp/rs7900194
142,Phenytoin,rs7900194,CYP2C9,NC_000010.11,94942309,G,"A,T",0,0,0,0,0,0,0,Neurology,PharmGKB,https://www.ncbi.nlm.nih.gov/snp/rs7900194
143,Ivacaftor,rs80034486,CFTR,NC_000007.14,117652877,C,G,0,0,0.000538561,0,0.000429185,0,0.000485673,Pulmonary,PharmGKB,https://www.ncbi.nlm.nih.gov/snp/rs80034486
144,Ivacaftor,rs80282562,CFTR,NC_000007.14,117534318,G,A,0,0,0,0,0,0,0,Pulmonary,PharmGKB,https://www.ncbi.nlm.nih.gov/snp/rs80282562
145,Peginterferon alfa-2b,rs8103142,IFNL3,NC_000019.10,39244466,T,C,0.482248521,0.478851964,0.33100616,0,0.359678783,0.5,0.343063989,Infectious Diseases,PharmGKB,https://www.ncbi.nlm.nih.gov/snp/rs8103142
146,Efavirenz,rs8192709,CYP2B6,NC_000019.10,40991369,C,T,0.037853107,0.037922987,0.05425247,0.025964745,0.062073246,0.015625,0.049491951,Infectious Diseases,PharmGKB,https://www.ncbi.nlm.nih.gov/snp/rs8192709
147,Warfarin,rs9332131,CYP2C9,NC_000010.11,94949281,GA,G,0.00443787,0.004531722,0,0,0.001303215,0,0.000536865,Hematology,PharmGKB,https://www.ncbi.nlm.nih.gov/snp/rs9332131
148,Phenytoin,rs9332131,CYP2C9,NC_000010.11,94949281,GA,G,0.00443787,0.004531722,0,0,0.001303215,0,0.000536865,Neurology,PharmGKB,https://www.ncbi.nlm.nih.gov/snp/rs9332131
